,Wijk,nearest_train_station_name_walking,nearest_train_station_distance_walking,nearest_metro_station_name_walking,nearest_metro_station_distance_walking,nearest_train_station_name_bicycling,nearest_train_station_distance_bicycling,nearest_metro_station_name_bicycling,nearest_metro_station_distance_bicycling,nearest_train_station_name_driving,nearest_train_station_distance_driving,nearest_metro_station_name_driving,nearest_metro_station_distance_driving,nearest_train_station_name_transit,nearest_train_station_distance_transit,nearest_metro_station_name_transit,nearest_metro_station_distance_transit
0,Aetsveld/Oostelijke Vechtoever,Amsterdam Holendrecht Station,10364,Gaasperplas,7942,Amsterdam Holendrecht Station,10576,Gaasperplas,8031,Amsterdam Bijlmer ArenA Station,11934,Gaasperplas,7997,Amsterdam Bijlmer ArenA Station,13299,Gaasperplas,8753.0
1,Amstel III/Bullewijk,Amsterdam Holendrecht Station,719,Station Holendrecht,560,Amsterdam Holendrecht Station,1147,Station Holendrecht,560,Amsterdam Holendrecht Station,695,Station Holendrecht,941,Amsterdam Holendrecht Station,719,Station Holendrecht,560.0
2,Amsterdamse Poort e.o.,Amsterdam Bijlmer ArenA Station,378,Station Bijlmer ArenA,378,Amsterdam Bijlmer ArenA Station,411,Station Bijlmer ArenA,411,Amsterdam Bijlmer ArenA Station,671,Station Bijlmer ArenA,671,Amsterdam Bijlmer ArenA Station,378,Station Bijlmer ArenA,378.0
3,Apollobuurt,Amsterdam Zuid Station,1142,Station Zuid,1218,Amsterdam Zuid Station,1029,Station Zuid,1343,Amsterdam Zuid Station,1634,De Pijp,2145,Amsterdam Zuid Station,1902,Station Zuid,1253.0
4,Banne Buiksloot,Amsterdam Centraal Station,3905,Noorderpark,1436,Amsterdam Centraal Station,4670,Noorderpark,1633,Amsterdam Sloterdijk Station,10657,Noorderpark,1881,Amsterdam Centraal Station,4919,Noorderpark,1436.0
5,Bellamybuurt,Amsterdam Lelylaan Station,2814,Postjesweg,1377,Amsterdam Centraal Station,3281,Postjesweg,1495,Amsterdam Lelylaan Station,3136,Postjesweg,1377,Amsterdam Lelylaan Station,3222,Postjesweg,1692.0
6,Betondorp,Amsterdam Science Park Station,1839,Station Diemen-Zuid,1727,Amsterdam Science Park Station,2373,Van der Madeweg,2339,Amsterdam Science Park Station,2794,Amstelstation,2642,Amsterdam Science Park Station,1942,Station Diemen-Zuid,2046.0
7,Bijlmermuseum,Amsterdam Bijlmer ArenA Station,2284,Kraaiennest station,550,Amsterdam Bijlmer ArenA Station,2388,Kraaiennest station,897,Amsterdam Bijlmer ArenA Station,2816,Kraaiennest station,2014,Amsterdam Bijlmer ArenA Station,2972,Kraaiennest station,550.0
8,Bloemendalerpolder,Amsterdam Holendrecht Station,8136,Gaasperplas,5715,Amsterdam Holendrecht Station,9681,Gein,6608,Amsterdam Bijlmer ArenA Station,11060,Gaasperplas,7554,Amsterdam Science Park Station,8681,Gaasperplas,6473.0
9,Buikslotermeer,Amsterdam Centraal Station,4279,Noord,1040,Amsterdam Centraal Station,4576,Noord,1355,Amsterdam Muiderpoort Station,7876,Noord,2318,Amsterdam Centraal Station,4040,Noord,1040.0
10,Buitenveldert-Oost,Amsterdam RAI Station,861,Station RAI,861,Amsterdam Zuid Station,1528,Europaplein,1364,Amsterdam RAI Station,1252,Station RAI,1252,Amsterdam RAI Station,861,Station RAI,861.0
11,Buitenveldert-West,Amsterdam Zuid Station,994,Station Zuid,1276,Amsterdam Zuid Station,899,Station Zuid,1327,Amsterdam Zuid Station,1562,Amstelveenseweg,2222,Amsterdam Zuid Station,947,Amstelveenseweg,1776.0
12,Burgwallen-Nieuwe Zijde,Amsterdam Centraal Station,1139,Rokin,343,Amsterdam Centraal Station,1333,Rokin,751,Amsterdam Centraal Station,2508,Vijzelgracht,2366,Amsterdam Centraal Station,1540,Rokin,343.0
13,Burgwallen-Oude Zijde,Amsterdam Centraal Station,588,Nieuwmarkt,380,Amsterdam Centraal Station,874,Nieuwmarkt,380,Amsterdam Muiderpoort Station,4249,Waterlooplein,2185,Amsterdam Centraal Station,588,Nieuwmarkt,380.0
14,Centrale Markt,Amsterdam Centraal Station,3132,Jan van Galenstraat,1553,Amsterdam Centraal Station,4149,Jan van Galenstraat,1953,Amsterdam Sloterdijk Station,2866,Jan van Galenstraat,1925,Amsterdam Sloterdijk Station,3740,Jan van Galenstraat,1728.0
15,Chass√©buurt,Amsterdam Lelylaan Station,2621,Postjesweg,1184,Amsterdam Lelylaan Station,3095,Postjesweg,1184,Amsterdam Lelylaan Station,3421,Jan van Galenstraat,1394,Amsterdam Lelylaan Station,2829,Postjesweg,1298.0
16,Coenhaven/Minervahaven,Amsterdam Lelylaan Station,2621,Postjesweg,1184,Amsterdam Sloterdijk Station,5352,Isolatorweg,4761,Amsterdam Sloterdijk Station,4463,Station Sloterdijk,3327,Amsterdam Lelylaan Station,2829,Postjesweg,1298.0
17,Da Costabuurt,Amsterdam Centraal Station,2509,Rokin,1633,Amsterdam Centraal Station,2524,Rokin,1729,Amsterdam Zuid Station,3809,Vijzelgracht,2509,Amsterdam Centraal Station,2521,Rokin,2276.0
18,Dapperbuurt,Amsterdam Muiderpoort Station,419,Weesperplein,1614,Amsterdam Muiderpoort Station,426,Wibautstraat,1854,Amsterdam Muiderpoort Station,497,Weesperplein,1832,Amsterdam Muiderpoort Station,419,Weesperplein,1735.0
19,De Aker,Amsterdam Lelylaan Station,4076,Station Lelylaan,4113,Amsterdam Lelylaan Station,4313,Station Lelylaan,4298,Amsterdam Lelylaan Station,4867,Station Lelylaan,4433,Amsterdam Lelylaan Station,4805,Station Lelylaan,4756.0
20,De Kolenkit,Amsterdam Sloterdijk Station,1393,Burg. De Vlugtlaan,262,Amsterdam Sloterdijk Station,2001,Burg. De Vlugtlaan,260,Amsterdam Sloterdijk Station,1854,Burg. De Vlugtlaan,260,Amsterdam Sloterdijk Station,1384,Burg. De Vlugtlaan,262.0
21,De Punt,Amsterdam Lelylaan Station,3899,Station Lelylaan,3804,Amsterdam Lelylaan Station,4171,Station Lelylaan,3943,Amsterdam Lelylaan Station,4955,Station Lelylaan,4521,Amsterdam Lelylaan Station,4079,Station Lelylaan,4030.0
22,De Weteringschans,Amsterdam Centraal Station,2287,Vijzelgracht,124,Amsterdam Centraal Station,2532,Vijzelgracht,258,Amsterdam Muiderpoort Station,3604,Vijzelgracht,1120,Amsterdam Centraal Station,2540,Vijzelgracht,124.0
23,Driemond,Amsterdam Holendrecht Station,5249,Gaasperplas,2828,Amsterdam Holendrecht Station,5428,Gaasperplas,2882,Amsterdam Bijlmer ArenA Station,7092,Gaasperplas,3154,Amsterdam Bijlmer ArenA Station,7443,Gaasperplas,2897.0
24,Elzenhagen,Amsterdam Centraal Station,3983,Noord,1022,Amsterdam Centraal Station,4056,Noord,1615,Amsterdam Muiderpoort Station,11650,Noord,1989,Amsterdam Centraal Station,3807,Noord,1022.0
25,Erasmuspark,Amsterdam Sloterdijk Station,2333,Jan van Galenstraat,198,Amsterdam Lelylaan Station,3388,Jan van Galenstraat,503,Amsterdam Sloterdijk Station,2281,Burg. De Vlugtlaan,1081,Amsterdam Sloterdijk Station,2850,Jan van Galenstraat,198.0
26,Frankendael,Amsterdam Muiderpoort Station,1589,Amstelstation,647,Amsterdam Muiderpoort Station,1895,Amstelstation,723,Amsterdam Muiderpoort Station,2688,Amstelstation,702,Amsterdam Muiderpoort Station,2160,Amstelstation,647.0
27,Frederik Hendrikbuurt,Amsterdam Centraal Station,2446,Jan van Galenstraat,1591,Amsterdam Centraal Station,2899,Jan van Galenstraat,1607,Amsterdam Centraal Station,3114,Jan van Galenstraat,1607,Amsterdam Centraal Station,3736,Jan van Galenstraat,1749.0
28,Ganzenhoef e.o.,Amsterdam Bijlmer ArenA Station,2500,Station Ganzenhoef,244,Amsterdam Bijlmer ArenA Station,2864,Station Ganzenhoef,300,Amsterdam Bijlmer ArenA Station,2761,Station Ganzenhoef,276,Amsterdam Bijlmer ArenA Station,2844,Station Ganzenhoef,244.0
29,Geerdinkhof/Kantershof,Amsterdam Bijlmer ArenA Station,3356,Kraaiennest station,821,Amsterdam Bijlmer ArenA Station,3817,Kraaiennest station,831,Amsterdam Bijlmer ArenA Station,3758,Kraaiennest station,1056,Amsterdam Bijlmer ArenA Station,3698,Kraaiennest station,821.0
30,Gein,Amsterdam Holendrecht Station,2632,Gein,0,Amsterdam Holendrecht Station,2717,Gein,0,Amsterdam Holendrecht Station,3418,Gein,0,Amsterdam Holendrecht Station,2724,Station Zuid,2383.0
31,Geuzenbuurt,Amsterdam Centraal Station,1516,Waterlooplein,121,Amsterdam Centraal Station,1504,Waterlooplein,138,Amsterdam Muiderpoort Station,2836,Waterlooplein,134,Amsterdam Lelylaan Station,3609,Waterlooplein,121.0
32,Geuzenveld,Amsterdam Sloterdijk Station,3561,Burg. De Vlugtlaan,2891,Amsterdam Sloterdijk Station,3643,Burg. De Vlugtlaan,2886,Amsterdam Sloterdijk Station,3894,Burg. De Vlugtlaan,3187,Amsterdam Sloterdijk Station,4517,Burg. De Vlugtlaan,3502.0
33,Grachtengordel-West,Amsterdam Centraal Station,1131,Centraal Station,1131,Amsterdam Centraal Station,1342,Centraal Station,1342,Amsterdam Centraal Station,1475,Centraal Station,1475,Amsterdam Centraal Station,1826,Rokin,1191.0
34,Grachtengordel-Zuid,Amsterdam Centraal Station,1675,Rokin,509,Amsterdam Centraal Station,2143,Rokin,509,Amsterdam Centraal Station,3060,Vijzelgracht,1319,Amsterdam Centraal Station,1947,Rokin,509.0
35,H-buurt,Amsterdam Centraal Station,1516,Waterlooplein,121,Amsterdam Centraal Station,1504,Waterlooplein,138,Amsterdam Muiderpoort Station,2836,Waterlooplein,134,Amsterdam Lelylaan Station,3609,Waterlooplein,121.0
36,Haarlemmerbuurt,Amsterdam Centraal Station,1301,Centraal Station,1301,Amsterdam Centraal Station,1397,Centraal Station,1397,Amsterdam Centraal Station,2207,Centraal Station,2207,Amsterdam Centraal Station,1980,Centraal Station,1980.0
37,Havens-West,Amsterdam Centraal Station,1301,Centraal Station,1301,Amsterdam Sloterdijk Station,5517,Station Sloterdijk,5098,Amsterdam Sloterdijk Station,5428,Station Sloterdijk,5015,Amsterdam Sloterdijk Station,11295,Station Sloterdijk,11289.0
38,Helmersbuurt,Amsterdam Centraal Station,3147,Vijzelgracht,1697,Amsterdam Zuid Station,3318,Vijzelgracht,1977,Amsterdam Zuid Station,3306,Postjesweg,2518,Amsterdam Lelylaan Station,3350,Vijzelgracht,1890.0
39,Holendrecht,Amsterdam Holendrecht Station,103,Station Holendrecht,0,Amsterdam Holendrecht Station,103,Station Holendrecht,0,Amsterdam Holendrecht Station,433,Station Holendrecht,0,Amsterdam Holendrecht Station,103,Reigersbos,1497.0
40,Hoofddorppleinbuurt,Amsterdam Lelylaan Station,1722,Heemstedestraat,1204,Amsterdam Lelylaan Station,1759,Heemstedestraat,1126,Amsterdam Lelylaan Station,1690,Heemstedestraat,1126,Amsterdam Zuid Station,3112,Heemstedestraat,1255.0
41,Hoofdweg e.o.,Amsterdam Lelylaan Station,2245,Jan van Galenstraat,718,Amsterdam Lelylaan Station,2594,Postjesweg,1054,Amsterdam Lelylaan Station,2812,Postjesweg,1054,Amsterdam Sloterdijk Station,2974,Jan van Galenstraat,718.0
42,Houthavens,Amsterdam Centraal Station,2359,Centraal Station,2359,Amsterdam Centraal Station,2308,Centraal Station,2308,Amsterdam Centraal Station,2276,Centraal Station,2276,Amsterdam Centraal Station,2906,Centraal Station,2906.0
43,IJburg-Oost,Amsterdam Science Park Station,4249,Station Diemen-Zuid,5990,Amsterdam Science Park Station,4365,Verrijn Stuartweg,6286,Amsterdam Muiderpoort Station,6045,Verrijn Stuartweg,7355,Amsterdam Muiderpoort Station,6209,Centraal Station,7768.0
44,IJburg-West,Amsterdam Science Park Station,3678,Station Diemen-Zuid,5419,Amsterdam Science Park Station,3793,Verrijn Stuartweg,5715,Amsterdam Muiderpoort Station,5473,Waterlooplein,7405,Amsterdam Muiderpoort Station,5549,Centraal Station,7109.0
45,IJburg-Zuid,Amsterdam Science Park Station,4932,Station Ganzenhoef,6088,Amsterdam Science Park Station,5148,Verrijn Stuartweg,6724,Amsterdam Muiderpoort Station,7002,Verrijn Stuartweg,6439,Amsterdam Muiderpoort Station,6940,Station Ganzenhoef,7204.0
46,IJplein/Vogelbuurt,Amsterdam Centraal Station,1391,Centraal Station,1391,Amsterdam Centraal Station,1407,Centraal Station,1407,Amsterdam Muiderpoort Station,13095,Noord,2042,Amsterdam Centraal Station,1383,Centraal Station,1383.0
47,IJselbuurt,Amsterdam Centraal Station,1516,Waterlooplein,121,Amsterdam Centraal Station,1504,Waterlooplein,138,Amsterdam Muiderpoort Station,2836,Waterlooplein,134,Amsterdam Lelylaan Station,3609,Waterlooplein,121.0
48,Indische Buurt-Oost,Amsterdam Muiderpoort Station,772,Weesperplein,2395,Amsterdam Muiderpoort Station,759,Weesperplein,2652,Amsterdam Muiderpoort Station,759,Wibautstraat,2672,Amsterdam Muiderpoort Station,806,Wibautstraat,2955.0
49,Indische Buurt-West,Amsterdam Muiderpoort Station,534,Weesperplein,2133,Amsterdam Muiderpoort Station,534,Weesperplein,2385,Amsterdam Muiderpoort Station,585,Weesperplein,2392,Amsterdam Muiderpoort Station,534,Wibautstraat,2699.0
50,Jordaan,Amsterdam Centraal Station,1719,Rokin,1244,Amsterdam Centraal Station,1780,Rokin,1531,Amsterdam Centraal Station,2005,Centraal Station,2005,Amsterdam Centraal Station,1777,Rokin,1532.0
51,K-buurt,Amsterdam Bijlmer ArenA Station,3057,Kraaiennest station,401,Amsterdam Bijlmer ArenA Station,3381,Kraaiennest station,413,Amsterdam Bijlmer ArenA Station,3104,Kraaiennest station,401,Amsterdam Bijlmer ArenA Station,3871,Kraaiennest station,401.0
52,Kadoelen,Amsterdam Centraal Station,5826,Noorderpark,3573,Amsterdam Centraal Station,5481,Noorderpark,3647,Amsterdam Sloterdijk Station,9889,Noorderpark,3814,Amsterdam Centraal Station,6670,Noorderpark,3732.0
53,Landlust,Amsterdam Sloterdijk Station,1770,Jan van Galenstraat,1271,Amsterdam Sloterdijk Station,1948,Station Sloterdijk,1685,Amsterdam Sloterdijk Station,1839,Station Sloterdijk,1776,Amsterdam Sloterdijk Station,2045,Jan van Galenstraat,1271.0
54,Lutkemeer/Ookmeer,Amsterdam Lelylaan Station,6902,Station Lelylaan,6806,Amsterdam Lelylaan Station,6631,Station Lelylaan,6616,Amsterdam Sloterdijk Station,8376,Henk Sneevlietweg,7970,Amsterdam Lelylaan Station,7328,Station Lelylaan,7279.0
55,Middenmeer,Amsterdam Science Park Station,376,Amstelstation,2726,Amsterdam Science Park Station,913,Amstelstation,2698,Amsterdam Science Park Station,1246,Amstelstation,4148,Amsterdam Science Park Station,376,Amstelstation,3195.0
56,Museumkwartier,Amsterdam Zuid Station,2098,Vijzelgracht,1299,Amsterdam Zuid Station,2599,De Pijp,1963,Amsterdam Zuid Station,2608,De Pijp,1963,Amsterdam Zuid Station,3244,Vijzelgracht,1462.0
57,Nellestein,Amsterdam Holendrecht Station,2823,Gaasperplas,0,Amsterdam Holendrecht Station,2952,Gaasperplas,0,Amsterdam Bijlmer ArenA Station,5864,Gaasperplas,0,Amsterdam Bijlmer ArenA Station,4665,Gaasperplas,0.0
58,Nieuwe Pijp,Amsterdam RAI Station,2146,De Pijp,340,Amsterdam RAI Station,2127,De Pijp,346,Amsterdam RAI Station,2086,De Pijp,1125,Amsterdam RAI Station,2234,De Pijp,340.0
59,Nieuwendammerdijk/Buiksloterdijk,Amsterdam Centraal Station,3212,Noorderpark,991,Amsterdam Centraal Station,4141,Noorderpark,1161,Amsterdam Sloterdijk Station,11601,Noorderpark,984,Amsterdam Centraal Station,3645,Noorderpark,991.0
60,Nieuwmarkt/Lastage,Amsterdam Centraal Station,787,Nieuwmarkt,0,Amsterdam Centraal Station,958,Nieuwmarkt,0,Amsterdam Muiderpoort Station,4105,Nieuwmarkt,0,Amsterdam Centraal Station,1008,Rokin,736.0
61,Noordelijke IJ-oevers-Oost,Amsterdam Centraal Station,1488,Centraal Station,1488,Amsterdam Centraal Station,1467,Centraal Station,1467,Amsterdam Centraal Station,2193,Waterlooplein,2103,Amsterdam Centraal Station,1899,Centraal Station,1899.0
62,Noordelijke IJ-oevers-West,Amsterdam Centraal Station,1488,Centraal Station,1488,Amsterdam Centraal Station,1467,Centraal Station,1467,Amsterdam Centraal Station,2193,Waterlooplein,2103,Amsterdam Centraal Station,1899,Centraal Station,1899.0
63,Omval/Overamstel,Amsterdam Duivendrecht Station,2800,Spaklerweg,175,Amsterdam Duivendrecht Station,2893,Spaklerweg,175,Amsterdam RAI Station,4131,Overamstel,3506,Amsterdam Duivendrecht Station,2364,Spaklerweg,175.0
64,Oostelijk Havengebied,Amsterdam Muiderpoort Station,1821,Weesperplein,2631,Amsterdam Muiderpoort Station,1903,Centraal Station,2875,Amsterdam Muiderpoort Station,2182,Waterlooplein,3064,Amsterdam Muiderpoort Station,1966,Weesperplein,2786.0
65,Oostelijke Eilanden/Kadijken,Amsterdam Centraal Station,1580,Waterlooplein,1000,Amsterdam Centraal Station,1692,Waterlooplein,1091,Amsterdam Muiderpoort Station,2859,Waterlooplein,1245,Amsterdam Centraal Station,2490,Weesperplein,1155.0
66,Oosterparkbuurt,Amsterdam Muiderpoort Station,1047,Wibautstraat,897,Amsterdam Muiderpoort Station,1275,Weesperplein,1004,Amsterdam Muiderpoort Station,1779,Weesperplein,1033,Amsterdam Muiderpoort Station,1252,Wibautstraat,1212.0
67,Oostzanerwerf,Amsterdam Centraal Station,5846,Noorderpark,4467,Amsterdam Centraal Station,7451,Noorderpark,4788,Amsterdam Sloterdijk Station,7184,Noorderpark,5451,Amsterdam Sloterdijk Station,5637,Station Sloterdijk,5631.0
68,Osdorp-Midden,Amsterdam Lelylaan Station,3074,Station Lelylaan,2979,Amsterdam Lelylaan Station,3313,Station Lelylaan,3295,Amsterdam Lelylaan Station,3788,Station Lelylaan,3354,Amsterdam Lelylaan Station,3846,Station Lelylaan,3797.0
69,Osdorp-Oost,Amsterdam Lelylaan Station,2722,Station Lelylaan,2626,Amsterdam Lelylaan Station,2891,Station Lelylaan,2876,Amsterdam Lelylaan Station,3206,Station Lelylaan,2772,Amsterdam Lelylaan Station,3008,Station Lelylaan,2959.0
70,Oude Pijp,Amsterdam RAI Station,2116,Vijzelgracht,605,Amsterdam RAI Station,2150,Vijzelgracht,764,Amsterdam Zuid Station,2434,De Pijp,1280,Amsterdam RAI Station,1972,De Pijp,688.0
71,Overtoomse Sluis,Amsterdam Lelylaan Station,1963,Postjesweg,1491,Amsterdam Lelylaan Station,2038,Postjesweg,1492,Amsterdam Lelylaan Station,2186,Postjesweg,1498,Amsterdam Lelylaan Station,2168,Postjesweg,1836.0
72,Overtoomse Veld,Amsterdam Lelylaan Station,1141,Postjesweg,416,Amsterdam Lelylaan Station,1376,Postjesweg,1087,Amsterdam Lelylaan Station,1335,Station Lelylaan,1117,Amsterdam Lelylaan Station,1368,Postjesweg,416.0
73,Prinses Irenebuurt e.o.,Amsterdam Zuid Station,358,Station Zuid,593,Amsterdam Zuid Station,342,Station Zuid,626,Amsterdam Zuid Station,735,Amstelveenseweg,2171,Amsterdam Zuid Station,358,Station Zuid,593.0
74,Reigersbos,Amsterdam Holendrecht Station,1480,Reigersbos,0,Amsterdam Holendrecht Station,1624,Reigersbos,0,Amsterdam Holendrecht Station,1821,Reigersbos,0,Amsterdam Holendrecht Station,1357,Station Zuid,593.0
75,Rijnbuurt,Amsterdam RAI Station,1407,Europaplein,1154,Amsterdam RAI Station,1396,Europaplein,1008,Amsterdam RAI Station,1385,Station RAI,1385,Amsterdam RAI Station,1492,Europaplein,1236.0
76,Scheldebuurt,Amsterdam RAI Station,783,Europaplein,248,Amsterdam RAI Station,797,Europaplein,347,Amsterdam RAI Station,893,Europaplein,467,Amsterdam RAI Station,886,Europaplein,248.0
77,Schinkelbuurt,Amsterdam Zuid Station,2008,Amstelveenseweg,1479,Amsterdam Lelylaan Station,2236,Amstelveenseweg,1580,Amsterdam Lelylaan Station,2265,Heemstedestraat,1701,Amsterdam Zuid Station,2542,Amstelveenseweg,1668.0
78,Sloten/Nieuw-Sloten,Amsterdam Lelylaan Station,4330,Henk Sneevlietweg,3402,Amsterdam Lelylaan Station,4742,Henk Sneevlietweg,3632,Amsterdam Lelylaan Station,5089,Henk Sneevlietweg,4356,Amsterdam Lelylaan Station,5230,Heemstedestraat,3866.0
79,Sloterdijk Nieuw-West,Amsterdam Sloterdijk Station,875,Station Sloterdijk,869,Amsterdam Sloterdijk Station,1056,Station Sloterdijk,1082,Amsterdam Sloterdijk Station,1500,Station Sloterdijk,811,Amsterdam Sloterdijk Station,1230,Station Sloterdijk,1224.0
80,Sloterdijk-West,Amsterdam Sloterdijk Station,875,Station Sloterdijk,869,Amsterdam Sloterdijk Station,1056,Station Sloterdijk,1082,Amsterdam Sloterdijk Station,1500,Station Sloterdijk,811,Amsterdam Sloterdijk Station,1230,Station Sloterdijk,1224.0
81,Slotermeer-Noordoost,Amsterdam Sloterdijk Station,1346,Burg. De Vlugtlaan,770,Amsterdam Sloterdijk Station,1447,Burg. De Vlugtlaan,810,Amsterdam Sloterdijk Station,2736,Burg. De Vlugtlaan,925,Amsterdam Sloterdijk Station,1892,Burg. De Vlugtlaan,953.0
82,Slotermeer-West,Amsterdam Sloterdijk Station,3027,Burg. De Vlugtlaan,2358,Amsterdam Sloterdijk Station,2806,Burg. De Vlugtlaan,2356,Amsterdam Sloterdijk Station,2706,Burg. De Vlugtlaan,2356,Amsterdam Sloterdijk Station,3587,Burg. De Vlugtlaan,2572.0
83,Slotermeer-Zuidoost,Amsterdam Holendrecht Station,1883,Reigersbos,1520,Amsterdam Holendrecht Station,2003,Reigersbos,1564,Amsterdam Bijlmer ArenA Station,2340,Kraaiennest station,2264,Amsterdam Duivendrecht Station,1685,Strandvliet,802.0
84,Slotervaart-Noord,Amsterdam Lelylaan Station,574,Station Lelylaan,611,Amsterdam Lelylaan Station,628,Station Lelylaan,614,Amsterdam Lelylaan Station,764,Station Lelylaan,603,Amsterdam Lelylaan Station,906,Station Lelylaan,1001.0
85,Slotervaart-Zuid,Amsterdam Lelylaan Station,574,Station Lelylaan,611,Amsterdam Lelylaan Station,628,Station Lelylaan,614,Amsterdam Lelylaan Station,764,Station Lelylaan,603,Amsterdam Lelylaan Station,906,Station Lelylaan,1001.0
86,Spaarndammerbuurt/Zeeheldenbuurt,Amsterdam Sloterdijk Station,2427,Isolatorweg,1554,Amsterdam Sloterdijk Station,2460,Isolatorweg,1821,Amsterdam Centraal Station,3197,Isolatorweg,2247,Amsterdam Centraal Station,3563,Isolatorweg,2218.0
87,Staatsliedenbuurt,Amsterdam Centraal Station,2406,Jan van Galenstraat,2102,Amsterdam Centraal Station,2569,Jan van Galenstraat,2104,Amsterdam Centraal Station,2824,Jan van Galenstraat,2645,Amsterdam Centraal Station,4052,Jan van Galenstraat,2676.0
88,Stadionbuurt,Amsterdam Zuid Station,1380,Amstelveenseweg,853,Amsterdam Zuid Station,1766,Amstelveenseweg,944,Amsterdam Zuid Station,1635,Amstelveenseweg,1875,Amsterdam Zuid Station,1839,Amstelveenseweg,1094.0
89,Transvaalbuurt,Amsterdam Muiderpoort Station,1515,Wibautstraat,412,Amsterdam Muiderpoort Station,1863,Wibautstraat,412,Amsterdam Muiderpoort Station,1863,Wibautstraat,741,Amsterdam Muiderpoort Station,2077,Wibautstraat,412.0
90,Tuindorp Buiksloot,Amsterdam Centraal Station,2990,Noord,449,Amsterdam Centraal Station,3148,Noorderpark,1149,Amsterdam Muiderpoort Station,8603,Noord,599,Amsterdam Centraal Station,3100,Noord,449.0
91,Tuindorp Nieuwendam,Amsterdam Centraal Station,4200,Noord,1357,Amsterdam Centraal Station,5158,Noord,1800,Amsterdam Muiderpoort Station,6769,Noord,1325,Amsterdam Centraal Station,4842,Noord,1865.0
92,Tuindorp Oostzaan,Amsterdam Centraal Station,4379,Noorderpark,3249,Amsterdam Centraal Station,4915,Noorderpark,4077,Amsterdam Sloterdijk Station,8701,Noorderpark,3350,Amsterdam Centraal Station,5807,Noorderpark,4057.0
93,Van Galenbuurt,Amsterdam Sloterdijk Station,2381,Jan van Galenstraat,386,Amsterdam Lelylaan Station,3173,Jan van Galenstraat,1145,Amsterdam Sloterdijk Station,2482,Burg. De Vlugtlaan,1281,Amsterdam Sloterdijk Station,2650,Jan van Galenstraat,386.0
94,Van Lennepbuurt,Amsterdam Centraal Station,2812,Postjesweg,1732,Amsterdam Centraal Station,3243,Postjesweg,1738,Amsterdam Zuid Station,3776,Jan van Galenstraat,2250,Amsterdam Centraal Station,3209,Postjesweg,1904.0
95,Venserpolder,Amsterdam Duivendrecht Station,731,Venserpolder,0,Amsterdam Duivendrecht Station,862,Venserpolder,0,Amsterdam Duivendrecht Station,862,Venserpolder,0,Amsterdam Duivendrecht Station,731,Station Duivendrecht,731.0
96,Volewijck,Amsterdam Centraal Station,2538,Noorderpark,386,Amsterdam Centraal Station,2551,Noorderpark,389,Amsterdam Sloterdijk Station,12332,Noorderpark,254,Amsterdam Centraal Station,2418,Noorderpark,386.0
97,Vondelparkbuurt,Amsterdam Zuid Station,2815,Vijzelgracht,1412,Amsterdam Lelylaan Station,3349,Vijzelgracht,1606,Amsterdam Zuid Station,3243,Postjesweg,2477,Amsterdam Lelylaan Station,3263,Vijzelgracht,1780.0
98,Waterland,Amsterdam Centraal Station,8014,Noord,5311,Amsterdam Muiderpoort Station,6837,Noord,5520,Amsterdam Muiderpoort Station,6936,Noord,6259,Amsterdam Muiderpoort Station,6892,Noord,6385.0
99,Waterlandpleinbuurt,Amsterdam Centraal Station,5120,Noord,2147,Amsterdam Centraal Station,5860,Noord,2503,Amsterdam Muiderpoort Station,6208,Noord,2406,Amsterdam Centraal Station,5835,Noord,2664.0
100,Weesp Binnenstad/Zuid,Amsterdam Holendrecht Station,6949,Gaasperplas,4528,Amsterdam Holendrecht Station,7108,Gaasperplas,4563,Amsterdam Bijlmer ArenA Station,8495,Gaasperplas,4557,Amsterdam Science Park Station,7860,Gaasperplas,4978.0
101,Weesp-Noordwest,Amsterdam Holendrecht Station,6949,Gaasperplas,4528,Amsterdam Holendrecht Station,7108,Gaasperplas,4563,Amsterdam Bijlmer ArenA Station,8495,Gaasperplas,4557,Amsterdam Science Park Station,7860,Gaasperplas,4978.0
102,Weesperbuurt/Plantage,Amsterdam Centraal Station,1873,Weesperplein,819,Amsterdam Centraal Station,1915,Weesperplein,930,Amsterdam Muiderpoort Station,2492,Waterlooplein,1020,Amsterdam Muiderpoort Station,2489,Weesperplein,819.0
103,Weesperzijde,Amsterdam Muiderpoort Station,1863,Wibautstraat,329,Amsterdam Muiderpoort Station,2099,Wibautstraat,445,Amsterdam Muiderpoort Station,2148,Wibautstraat,329,Amsterdam Muiderpoort Station,2421,Wibautstraat,329.0
104,Westindische Buurt,Amsterdam Lelylaan Station,1631,Postjesweg,660,Amsterdam Lelylaan Station,1920,Postjesweg,1031,Amsterdam Lelylaan Station,2142,Postjesweg,945,Amsterdam Lelylaan Station,1866,Postjesweg,660.0
105,Westlandgracht,Amsterdam Lelylaan Station,1320,Henk Sneevlietweg,619,Amsterdam Lelylaan Station,1473,Henk Sneevlietweg,628,Amsterdam Lelylaan Station,1392,Henk Sneevlietweg,812,Amsterdam Lelylaan Station,1979,Henk Sneevlietweg,619.0
106,Willemspark,Amsterdam Lelylaan Station,2153,Amstelveenseweg,1895,Amsterdam Lelylaan Station,2646,Amstelveenseweg,1977,Amsterdam Lelylaan Station,2909,Heemstedestraat,2345,Amsterdam Lelylaan Station,2479,Amstelveenseweg,2084.0
107,Zeeburgereiland/Bovendiep,Amsterdam Muiderpoort Station,2645,Wibautstraat,4372,Amsterdam Science Park Station,3673,Verrijn Stuartweg,5595,Amsterdam Muiderpoort Station,3977,Weesperplein,5785,Amsterdam Muiderpoort Station,2685,Wibautstraat,4889.0
108,Zuid Pijp,Amsterdam RAI Station,2450,De Pijp,0,Amsterdam Muiderpoort Station,2516,De Pijp,0,Amsterdam RAI Station,2404,De Pijp,0,Amsterdam Muiderpoort Station,2610,Wibautstraat,1275.0
109,Zuidas,Amsterdam Zuid Station,49,Station Zuid,112,Amsterdam Zuid Station,41,Station Zuid,112,Amsterdam Zuid Station,4,Station RAI,2043,Amsterdam Zuid Station,49,Station Zuid,112.0
